Change,Start,Energy,Gap
G129E,8.62879E+11,-225387.2,8.6288E+11
H123R,-73617,-223944.2,150327.2
C124R,-96977,-226309.7,129332.7
R130G,1.35411E+12,-225847.1,1.35411E+12
M35R,-96340.8,-227977.5,131636.7
L70P,-98211.2,-226032.1,127820.9
R130Q,6500394.5,-223276.2,6723670.7
L112P,-97973.3,-223010.8,125037.5
H93R,1.21627E+12,-228364.4,1.21627E+12
D252G,-109791.3,-221529.3,111738
G132V,-109284.9,-233704.6,124419.7
R173C,-100915.7,-225644.3,124728.6
R173H,-96935.7,-221684.7,124749
V119L,-86036.8,-222562,136525.2
I135T,-99166.1,-226604.2,127438.1
Wild,-111560.6,-224867,113306.4
